province,year,ntl,lntl
安徽,2014,1.231510145,0.802678551
安徽,2015,1.295405796,0.830909646
安徽,2016,1.317588311,0.840527124
安徽,2017,1.675678412,0.98420296
安徽,2018,1.740381571,1.00809717
安徽,2019,1.799428552,1.029415308
安徽,2020,1.906644108,1.066999188
安徽,2021,1.811408172,1.033685486
安徽,2022,1.916649995,1.070435696
北京,2014,3.967317464,1.602879949
北京,2015,4.126010819,1.634327739
北京,2016,4.406774083,1.687652627
北京,2017,4.666323939,1.734540572
北京,2018,4.553819805,1.714485944
北京,2019,5.421704253,1.859683542
北京,2020,5.594389963,1.886219282
北京,2021,5.644515228,1.893791737
北京,2022,5.88795787,1.929774651
重庆,2014,0.550766363,0.438749236
重庆,2015,0.538204825,0.430616038
重庆,2016,0.640432355,0.494959838
重庆,2017,0.872513862,0.627281839
重庆,2018,0.899811319,0.641754576
重庆,2019,0.962609858,0.674275148
重庆,2020,1.021607503,0.703892989
重庆,2021,0.809382413,0.592985578
重庆,2022,0.877658309,0.63002542
福建,2014,2.062923365,1.119369808
福建,2015,2.182554485,1.157684171
福建,2016,2.118483423,1.137346801
福建,2017,2.754187896,1.322871989
福建,2018,2.931348371,1.368982464
福建,2019,3.023513064,1.392155418
福建,2020,3.158942458,1.425260825
福建,2021,3.464129537,1.496074243
福建,2022,3.413842278,1.484745575
甘肃,2014,0.433763306,0.36030267
甘肃,2015,0.426811845,0.355442476
甘肃,2016,0.380701392,0.322591625
甘肃,2017,0.561715215,0.445784714
甘肃,2018,0.586822493,0.461733585
甘肃,2019,0.587249102,0.462002393
甘肃,2020,0.636833865,0.492763806
甘肃,2021,0.374770664,0.318286927
甘肃,2022,0.389065695,0.328631359
广东,2014,3.64942309,1.536743145
广东,2015,3.735420797,1.555070592
广东,2016,3.572993371,1.520167995
广东,2017,4.01937676,1.613305775
广东,2018,4.497093912,1.704219573
广东,2019,4.711664482,1.742510484
广东,2020,5.223384847,1.828313946
广东,2021,5.98483256,1.943741021
广东,2022,6.037976849,1.951320749
广西,2014,0.425304829,0.354385706
广西,2015,0.485446558,0.39571544
广西,2016,0.41184871,0.344899988
广西,2017,0.600282399,0.470180113
广西,2018,0.651256589,0.501536567
广西,2019,0.647357701,0.499172611
广西,2020,0.773342335,0.572866091
广西,2021,0.606911742,0.474314164
广西,2022,0.607862073,0.474905392
贵州,2014,0.528443157,0.424249673
贵州,2015,0.536454074,0.429477212
贵州,2016,0.604574259,0.472858462
贵州,2017,0.75378115,0.561774114
贵州,2018,0.733580153,0.550188723
贵州,2019,0.832851456,0.605872927
贵州,2020,0.790361403,0.582417501
贵州,2021,0.599774672,0.46986279
贵州,2022,0.527680757,0.42375074
海南,2014,1.844640711,1.045436772
海南,2015,2.054160044,1.11650461
海南,2016,2.039410147,1.111663466
海南,2017,2.36087701,1.212201955
海南,2018,2.475389154,1.24570646
海南,2019,2.482016998,1.247611723
海南,2020,2.49572296,1.25154021
海南,2021,2.975752927,1.380214146
海南,2022,2.914054126,1.364573698
河北,2014,1.062892357,0.724109055
河北,2015,1.053351158,0.71947317
河北,2016,1.05003809,0.717858373
河北,2017,1.333827504,0.847509626
河北,2018,1.349207585,0.854078073
河北,2019,1.516820659,0.922996462
河北,2020,1.680330826,0.985940229
河北,2021,1.536853478,0.930924525
河北,2022,1.617086421,0.962061646
黑龙江,2014,0.375994789,0.319176952
黑龙江,2015,0.325826276,0.28203587
黑龙江,2016,0.328106683,0.283754382
黑龙江,2017,0.512894218,0.414024517
黑龙江,2018,0.497448714,0.403762803
黑龙江,2019,0.513650843,0.41452451
黑龙江,2020,0.584720955,0.460408338
黑龙江,2021,0.220471943,0.199237623
黑龙江,2022,0.203151963,0.184944749
河南,2014,1.069148561,0.727137199
河南,2015,1.072590207,0.728799133
河南,2016,1.088839613,0.736608703
河南,2017,1.410464323,0.879819394
河南,2018,1.496690268,0.914965962
河南,2019,1.692889881,0.990614922
河南,2020,1.827639614,1.039442305
河南,2021,1.734867336,1.006082929
河南,2022,1.811317622,1.033653278
Hong Kong,2014,35.74369444,3.603966631
Hong Kong,2015,34.1684934,3.560150608
Hong Kong,2016,32.74449321,3.51881724
Hong Kong,2017,34.03498255,3.556347064
Hong Kong,2018,36.74055161,3.630735156
Hong Kong,2019,35.08824204,3.585967107
Hong Kong,2020,35.59525192,3.599918503
Hong Kong,2021,42.12186585,3.764030197
Hong Kong,2022,39.83207075,3.70946782
湖北,2014,0.630215684,0.488712328
湖北,2015,0.680655261,0.519183754
湖北,2016,0.644526764,0.497452662
湖北,2017,0.919328565,0.651975419
湖北,2018,0.99135026,0.688812931
湖北,2019,1.074875917,0.729901353
湖北,2020,1.141950344,0.76171679
湖北,2021,1.053592363,0.719590632
湖北,2022,1.183420754,0.7808928
湖南,2014,0.434752662,0.360992473
湖南,2015,0.459114364,0.377829651
湖南,2016,0.453911547,0.374257543
湖南,2017,0.689144409,0.524222134
湖南,2018,0.718404918,0.541396487
湖南,2019,0.750206722,0.559733908
湖南,2020,0.763147629,0.567100637
湖南,2021,0.562254543,0.446129998
湖南,2022,0.596539992,0.467838783
江苏,2014,3.167879434,1.427407377
江苏,2015,3.299748267,1.458556478
江苏,2016,3.38624271,1.478472986
江苏,2017,3.989878325,1.607411526
江苏,2018,4.196018874,1.647892731
江苏,2019,4.370284109,1.680880814
江苏,2020,4.665223813,1.734346402
江苏,2021,4.763624715,1.751566568
江苏,2022,4.874794803,1.770671132
江西,2014,0.4037886,0.339174725
江西,2015,0.435134673,0.361258693
江西,2016,0.421848378,0.3519577
江西,2017,0.675300958,0.515992826
江西,2018,0.717590579,0.540922483
江西,2019,0.765696099,0.568545003
江西,2020,0.865290477,0.623416793
江西,2021,0.740661476,0.5542652
江西,2022,0.783746568,0.578715966
吉林,2014,0.441863382,0.365936292
吉林,2015,0.478420841,0.390974519
吉林,2016,0.417915275,0.349187677
吉林,2017,0.671842,0.513926013
吉林,2018,0.635363553,0.491865136
吉林,2019,0.731018848,0.548710165
吉林,2020,0.821619395,0.599725883
吉林,2021,0.53347796,0.427538332
吉林,2022,0.48963595,0.398531762
辽宁,2014,1.023283254,0.704721565
辽宁,2015,1.035039296,0.710515129
辽宁,2016,0.986544562,0.686396728
辽宁,2017,1.246814313,0.809513352
辽宁,2018,1.294823637,0.830655994
辽宁,2019,1.360578611,0.858906763
辽宁,2020,1.37266177,0.864012434
辽宁,2021,1.115653696,0.749363841
辽宁,2022,1.050181086,0.717928124
Macau,2014,85.9877669,4.465767498
Macau,2015,87.75188708,4.485844691
Macau,2016,86.77437266,4.474769575
Macau,2017,95.17296459,4.566148285
Macau,2018,100.2676966,4.617767472
Macau,2019,85.76147364,4.463162671
Macau,2020,81.07557799,4.407640506
Macau,2021,102.424056,4.638837585
Macau,2022,91.16239019,4.523552132
内蒙古,2014,0.501129431,0.406217779
内蒙古,2015,0.417499503,0.348894406
内蒙古,2016,0.406915251,0.341399542
内蒙古,2017,0.600722286,0.470454956
内蒙古,2018,0.576289734,0.455073816
内蒙古,2019,0.627019964,0.486750099
内蒙古,2020,0.715009076,0.539418373
内蒙古,2021,0.409913119,0.343528085
内蒙古,2022,0.442053896,0.366068414
宁夏,2014,0.905496363,0.644742533
宁夏,2015,0.855901275,0.618370441
宁夏,2016,0.888688621,0.635882737
宁夏,2017,1.160125577,0.770166358
宁夏,2018,1.144567113,0.76293772
宁夏,2019,1.133990197,0.757993559
宁夏,2020,1.245025797,0.808717012
宁夏,2021,0.994176381,0.690231123
宁夏,2022,1.077425659,0.731129463
青海,2014,0.256126541,0.228032812
青海,2015,0.278088195,0.245365364
青海,2016,0.227812431,0.205234075
青海,2017,0.43369507,0.360255076
青海,2018,0.431791427,0.358926407
青海,2019,0.446784427,0.369343457
青海,2020,0.481461727,0.393029254
青海,2021,0.232042639,0.208673474
青海,2022,0.22862261,0.205893713
陕西,2014,0.770074341,0.571021547
陕西,2015,0.725755753,0.545665072
陕西,2016,0.703192446,0.532504399
陕西,2017,0.948695661,0.667160257
陕西,2018,1.02118714,0.703685032
陕西,2019,1.054497559,0.720031321
陕西,2020,1.096544868,0.740290689
陕西,2021,0.946566894,0.666067254
陕西,2022,1.009075428,0.69767463
山东,2014,1.366920374,0.86158969
山东,2015,1.365874915,0.861147896
山东,2016,1.383916598,0.868744765
山东,2017,1.743384818,1.009192493
山东,2018,1.896070667,1.063354876
山东,2019,2.067944567,1.121007815
山东,2020,2.252308166,1.179364949
山东,2021,2.183479624,1.15797482
山东,2022,2.311301245,1.197341238
上海,2014,13.84806828,2.697869775
上海,2015,14.90484802,2.766623969
上海,2016,14.65368129,2.750706116
上海,2017,16.11398451,2.839895937
上海,2018,16.23350352,2.846855368
上海,2019,16.35874852,2.854096617
上海,2020,16.55462155,2.865317251
上海,2021,16.57119443,2.866260881
上海,2022,16.78163344,2.878166095
山西,2014,0.843783869,0.611819911
山西,2015,0.800710479,0.588181298
山西,2016,0.736088411,0.551634543
山西,2017,1.010711048,0.698488415
山西,2018,1.035784577,0.710881286
山西,2019,1.160259102,0.770228169
山西,2020,1.267145138,0.818521391
山西,2021,1.078872463,0.731825661
山西,2022,1.130971965,0.756578197
四川,2014,0.566392099,0.448774949
四川,2015,0.531449663,0.426214779
四川,2016,0.64625816,0.498504931
四川,2017,0.785975228,0.579964612
四川,2018,0.888980365,0.636037194
四川,2019,0.989015435,0.68763976
四川,2020,1.037570636,0.711758234
四川,2021,0.805356789,0.590758239
四川,2022,0.865901876,0.623744516
天津,2014,5.160769595,1.818201704
天津,2015,5.224652165,1.828517564
天津,2016,5.297706273,1.840185483
天津,2017,5.832119898,1.921635006
天津,2018,6.129108397,1.964186177
天津,2019,6.496356574,2.014417112
天津,2020,6.653246363,2.035129919
天津,2021,7.025858975,2.082668701
天津,2022,7.227159192,2.107440778
新疆,2014,0.685964091,0.522337561
新疆,2015,0.636974045,0.492849443
新疆,2016,0.604204107,0.47262775
新疆,2017,0.777225254,0.575053302
新疆,2018,0.809306299,0.592943512
新疆,2019,0.879606283,0.631062331
新疆,2020,0.939324064,0.662339492
新疆,2021,0.55032674,0.438465709
新疆,2022,0.650364244,0.500996017
西藏,2014,0.141045791,0.131945202
西藏,2015,0.174616428,0.16094165
西藏,2016,0.080008292,0.076968719
西藏,2017,0.29527068,0.258719692
西藏,2018,0.284635711,0.250475184
西藏,2019,0.267051206,0.236692316
西藏,2020,0.319018341,0.276887779
西藏,2021,0.035292689,0.034684178
西藏,2022,0.03696801,0.03630108
云南,2014,0.283315458,0.249446931
云南,2015,0.309761747,0.269845248
云南,2016,0.24738196,0.221046923
云南,2017,0.465425621,0.382145727
云南,2018,0.483476022,0.394387997
云南,2019,0.461065081,0.379165677
云南,2020,0.535349418,0.428757989
云南,2021,0.328642441,0.2841577
云南,2022,0.315250661,0.274027264
浙江,2014,2.107032824,1.133668195
浙江,2015,2.256426492,1.180630426
浙江,2016,2.332619141,1.203758524
浙江,2017,2.865406947,1.352066967
浙江,2018,3.068228251,1.403207585
浙江,2019,3.244526918,1.445630369
浙江,2020,3.584252693,1.522627103
浙江,2021,3.856651222,1.580349151
浙江,2022,4.042779184,1.617957356
